SET FOREIGN_KEY_CHECKS = 0;

DROP TABLE IF EXISTS  `blog_team`;
CREATE TABLE `blog_team` (
  `t_id` mediumint(8) unsigned NOT NULL AUTO_INCREMENT,
  `t_project_name` varchar(32) DEFAULT '''''',
  `t_leader_name` varchar(10) DEFAULT NULL,
  `t_leader_num` char(14) DEFAULT NULL,
  `t_user_id` mediumint(8) unsigned DEFAULT NULL,
  `user_stu_num` char(14) NOT NULL,
  `cat_id` mediumint(9) DEFAULT NULL,
  PRIMARY KEY (`t_id`)
) ENGINE=InnoDB AUTO_INCREMENT=34 DEFAULT CHARSET=utf8;

insert into `blog_team`(`t_id`,`t_project_name`,`t_leader_name`,`t_leader_num`,`t_user_id`,`user_stu_num`,`cat_id`) values
('21','外卖点餐系统','胡应学','20150107030117','21','20150107030101','1'),
('22','电影院网上售票系统','李丽艳','20150107030114','22','20150107030120','1'),
('25','资源共享系统','孙武','20150107030131','25','20150107030131','1'),
('26','餐厅点餐系统','陈涛','20150107030127','26','20150107030127','1'),
('27','图书馆管理系统','朱世全','20150107030142','27','20150107030144','1'),
('28','校园兼职系统','杨豪','20150107030149','28','20150107030149','1'),
('29','宿舍管理系统','韩光敏','20150107030104','29','20150107030104','1'),
('32','超市管理系统','胡佳乐','20150107030129','32','20150107030129','1'),
('33','自行车租车系统','李波','20150107030112','33','20150107030115','1');
DROP TABLE IF EXISTS  `blog_team_category`;
CREATE TABLE `blog_team_category` (
  `cat_id` mediumint(8) unsigned NOT NULL AUTO_INCREMENT,
  `cat_name` varchar(32) NOT NULL DEFAULT '' COMMENT '分类名称',
  PRIMARY KEY (`cat_id`)
) ENGINE=InnoDB AUTO_INCREMENT=4 DEFAULT CHARSET=utf8;

insert into `blog_team_category`(`cat_id`,`cat_name`) values
('1','UML面向分析与设计'),
('2','计算机网络'),
('3','软件需求');
DROP TABLE IF EXISTS  `blog_team_user`;
CREATE TABLE `blog_team_user` (
  `tu_id` mediumint(8) unsigned NOT NULL AUTO_INCREMENT,
  `t_id` mediumint(8) unsigned DEFAULT NULL,
  `tu_user_name` varchar(32) NOT NULL,
  `tu_user_num` char(14) DEFAULT NULL,
  PRIMARY KEY (`tu_id`)
) ENGINE=InnoDB AUTO_INCREMENT=78 DEFAULT CHARSET=utf8;

insert into `blog_team_user`(`tu_id`,`t_id`,`tu_user_name`,`tu_user_num`) values
('42','21','朱浩','20150107030101'),
('43','21','姚召波','20150107030118'),
('44','21','龙永侦','20150107030122'),
('45','22','谢佳华','20150107030120'),
('46','22','封姝鸿','20150107030121'),
('47','22','吴启冉','20150107030119'),
('54','25','王凡','20150107030132'),
('55','25','詹源','20150107030130'),
('56','25','吴军荣','20150107030128'),
('57','26','尹涵','20150107030123'),
('58','26','莫兰恒','20150107030124'),
('59','26','胡洋洋','20150107030125'),
('60','27','张大发','20150107030144'),
('61','27','吴强','20150107030145'),
('62','28','徐娅楠','20150107030126'),
('63','28','杨宗流','20150107030147'),
('64','28','潘兴宏','20150107030150'),
('65','29','申婷婷','20150107030106'),
('66','29','孔莉','20150107030108'),
('67','29','李旺','20150107030113'),
('71','32','郑梦月','20150107030137'),
('72','32','李秋美','20150107030143'),
('73','32','杨生娥','20150107030148'),
('74','32','李江琴','20150107030102'),
('75','33','曾祥武','20150107030111'),
('76','33','鲜飞','20150107030110'),
('77','33','陈鸿','20150107030115');
DROP TABLE IF EXISTS  `blog_upwork`;
CREATE TABLE `blog_upwork` (
  `work_id` mediumint(8) unsigned NOT NULL AUTO_INCREMENT COMMENT 'id',
  `work_name` varchar(128) NOT NULL COMMENT '作业名字',
  `work_stu_num` varchar(32) NOT NULL COMMENT '作业上传者学号',
  `work_add_date` int(10) unsigned NOT NULL COMMENT '作业上传日期',
  `work_is_del` enum('已删除','未删除') DEFAULT '未删除' COMMENT '作业状态',
  `work_save_path` varchar(128) NOT NULL DEFAULT '' COMMENT '作业保存路径',
  `work_course` varchar(32) NOT NULL DEFAULT '' COMMENT '作业科目',
  `work_course_type` varchar(32) NOT NULL DEFAULT '' COMMENT '作业类别:实验/读书报告...',
  PRIMARY KEY (`work_id`)
) ENGINE=InnoDB AUTO_INCREMENT=60 DEFAULT CHARSET=utf8;

insert into `blog_upwork`(`work_id`,`work_name`,`work_stu_num`,`work_add_date`,`work_is_del`,`work_save_path`,`work_course`,`work_course_type`) values
('13','2015级软件工程陈涛20150107030127社会调查与实践报告2017092.doc','20150107030127','1504338524','已删除','./Uploads/数据库作业/2015级软件工程陈涛20150107030127社会调查与实践报告2017092.doc','社会调查与实践','报告'),
('14','2015级软件工程孙武20150107030131社会调查与实践报告2017092.doc','20150107030131','1504539325','已删除','./Uploads/数据库作业/2015级软件工程孙武20150107030131社会调查与实践报告2017092.doc','社会调查与实践','报告'),
('15','2015级软件工程詹源20150107030130社会调查与实践报告2017092.doc','20150107030130','1504588640','已删除','./Uploads/数据库作业/2015级软件工程詹源20150107030130社会调查与实践报告2017092.doc','社会调查与实践','报告'),
('16','2015级软件工程胡洋洋20150107030125社会调查与实践报告2017092.doc','20150107030125','1504344312','已删除','./Uploads/数据库作业/2015级软件工程胡洋洋20150107030125社会调查与实践报告2017092.doc','社会调查与实践','报告'),
('17','2015级软件工程莫兰恒20150107030124社会调查与实践报告2017092.doc','20150107030124','1504346017','已删除','./Uploads/数据库作业/2015级软件工程莫兰恒20150107030124社会调查与实践报告2017092.doc','社会调查与实践','报告'),
('18','2015级软件工程吴强20150107030145社会调查与实践报告2017092.doc','20150107030145','1504347557','已删除','./Uploads/数据库作业/2015级软件工程吴强20150107030145社会调查与实践报告2017092.doc','社会调查与实践','报告'),
('19','2015级软件工程吴军荣 20150107030128社会调查与实践报告2017092.doc','20150107030128','1504349470','已删除','./Uploads/数据库作业/2015级软件工程吴军荣 20150107030128社会调查与实践报告2017092.doc','社会调查与实践','报告'),
('20','2015级软件工程吴启冉20150107030119社会调查与实践报告2017092.wps','20150107030119','1504353349','已删除','./Uploads/数据库作业/2015级软件工程吴启冉20150107030119社会调查与实践报告2017092.wps','社会调查与实践','报告'),
('21','2015级软件工程臧庆照20150107030138社会调查与实践报告2017092.doc','20150107030138','1504353674','已删除','./Uploads/数据库作业/2015级软件工程臧庆照20150107030138社会调查与实践报告2017092.doc','社会调查与实践','报告'),
('22','2015级软件工程李丽艳20150107030114社会调查与实践报告2017092.doc','20150107030114','1504589437','已删除','./Uploads/数据库作业/2015级软件工程李丽艳20150107030114社会调查与实践报告2017092.doc','社会调查与实践','报告'),
('23','2015级软件工程李波20150107030112社会调查与实践报告2017092.doc','20150107030112','1504353884','已删除','./Uploads/数据库作业/2015级软件工程李波20150107030112社会调查与实践报告2017092.doc','社会调查与实践','报告'),
('24','2015级软件工程孔莉20150107030108社会调查与实践报告2017092.doc','20150107030108','1504356970','已删除','./Uploads/数据库作业/2015级软件工程孔莉20150107030108社会调查与实践报告2017092.doc','社会调查与实践','报告'),
('25','2015级软件工程封姝鸿20150107030121社会调查与实践报告2017092.doc','20150107030121','1504357171','已删除','./Uploads/数据库作业/2015级软件工程封姝鸿20150107030121社会调查与实践报告2017092.doc','社会调查与实践','报告'),
('26','2015级软件工程李旺20150107030113社会调查与实践报告2017092.doc','20150107030113','1504357477','已删除','./Uploads/数据库作业/2015级软件工程李旺20150107030113社会调查与实践报告2017092.doc','社会调查与实践','报告'),
('27','2015级软件工程申婷婷20150107030106社会调查与实践报告2017092.doc','20150107030106','1504357768','已删除','./Uploads/数据库作业/2015级软件工程申婷婷20150107030106社会调查与实践报告2017092.doc','社会调查与实践','报告'),
('28','2015级软件工程谢佳华20150107030120社会调查与实践报告2017092.doc','20150107030120','1504358072','已删除','./Uploads/数据库作业/2015级软件工程谢佳华20150107030120社会调查与实践报告2017092.doc','社会调查与实践','报告'),
('29','2015级软件工程韩光敏20150107030104社会调查与实践报告2017092.doc','20150107030104','1504592083','已删除','./Uploads/数据库作业/2015级软件工程韩光敏20150107030104社会调查与实践报告2017092.doc','社会调查与实践','报告'),
('30','2015级软件工程徐娅楠20150107030126社会调查与实践报告2017092.doc','20150107030126','1504361901','已删除','./Uploads/数据库作业/2015级软件工程徐娅楠20150107030126社会调查与实践报告2017092.doc','社会调查与实践','报告'),
('31','2015级软件工程尹涵20150107030123社会调查与实践报告2017092.doc','20150107030123','1504369016','已删除','./Uploads/数据库作业/2015级软件工程尹涵20150107030123社会调查与实践报告2017092.doc','社会调查与实践','报告'),
('32','2015级软件工程郑梦月20150107030137社会调查与实践报告2017092.doc','20150107030137','1504418029','已删除','./Uploads/数据库作业/2015级软件工程郑梦月20150107030137社会调查与实践报告2017092.doc','社会调查与实践','报告'),
('33','2015级软件工程李秋美20150107030143社会调查与实践报告2017092.doc','20150107030143','1504418535','已删除','./Uploads/数据库作业/2015级软件工程李秋美20150107030143社会调查与实践报告2017092.doc','社会调查与实践','报告'),
('34','2015级软件工程胡佳乐20150107030129社会调查与实践报告2017092.doc','20150107030129','1504590986','已删除','./Uploads/数据库作业/2015级软件工程胡佳乐20150107030129社会调查与实践报告2017092.doc','社会调查与实践','报告'),
('35','2015级软件工程王凡20150107030132社会调查与实践报告2017092.doc','20150107030132','1504420660','已删除','./Uploads/数据库作业/2015级软件工程王凡20150107030132社会调查与实践报告2017092.doc','社会调查与实践','报告'),
('36','2015级软件工程王鼎燊20150107030140社会调查与实践报告2017092.doc','20150107030140','1504427034','已删除','./Uploads/数据库作业/2015级软件工程王鼎燊20150107030140社会调查与实践报告2017092.doc','社会调查与实践','报告'),
('37','2015级软件工程杨豪20150107030149社会调查与实践报告2017092.doc','20150107030149','1504433901','已删除','./Uploads/数据库作业/2015级软件工程杨豪20150107030149社会调查与实践报告2017092.doc','社会调查与实践','报告'),
('38','2015级软件工程陈岚20150107030134社会调查与实践报告2017092.doc','20150107030134','1504436611','已删除','./Uploads/数据库作业/2015级软件工程陈岚20150107030134社会调查与实践报告2017092.doc','社会调查与实践','报告'),
('39','2015级软件工程刘港20150107030105社会调查与实践报告2017092.doc','20150107030105','1504436586','已删除','./Uploads/数据库作业/2015级软件工程刘港20150107030105社会调查与实践报告2017092.doc','社会调查与实践','报告'),
('40','2015级软件工程朱仕全20150107030142社会调查与实践报告2017092.doc','20150107030142','1504442022','已删除','./Uploads/数据库作业/2015级软件工程朱仕全20150107030142社会调查与实践报告2017092.doc','社会调查与实践','报告'),
('41','2015级软件工程张大发20150107030144社会调查与实践报告2017092.doc','20150107030144','1504442404','已删除','./Uploads/数据库作业/2015级软件工程张大发20150107030144社会调查与实践报告2017092.doc','社会调查与实践','报告'),
('42','2015级软件工程鲜飞20150107030110社会调查与实践报告2017092.docx','20150107030110','1504452505','已删除','./Uploads/数据库作业/2015级软件工程鲜飞20150107030110社会调查与实践报告2017092.docx','社会调查与实践','报告'),
('43','2015级软件工程张德志20150107030135社会调查与实践报告2017092.doc','20150107030135','1504540175','已删除','./Uploads/数据库作业/2015级软件工程张德志20150107030135社会调查与实践报告2017092.doc','社会调查与实践','报告'),
('44','2015级软件工程陈鸿20150107030115社会调查与实践报告2017092.doc','20150107030115','1504585084','已删除','./Uploads/数据库作业/2015级软件工程陈鸿20150107030115社会调查与实践报告2017092.doc','社会调查与实践','报告'),
('45','2015级软件工程刘思乾20150107030136社会调查与实践报告2017092.doc','20150107030136','1504585298','已删除','./Uploads/数据库作业/2015级软件工程刘思乾20150107030136社会调查与实践报告2017092.doc','社会调查与实践','报告'),
('46','2015级软件工程杨宗流20150107030147社会调查与实践报告2017092.doc','20150107030147','1504585669','已删除','./Uploads/数据库作业/2015级软件工程杨宗流20150107030147社会调查与实践报告2017092.doc','社会调查与实践','报告'),
('47','2015级软件工程潘兴宏20150107030150社会调查与实践报告2017092.doc','20150107030150','1504586121','已删除','./Uploads/数据库作业/2015级软件工程潘兴宏20150107030150社会调查与实践报告2017092.doc','社会调查与实践','报告'),
('48','2015级软件工程陈友强20150107030107社会调查与实践报告2017092.doc','20150107030107','1504586843','已删除','./Uploads/数据库作业/2015级软件工程陈友强20150107030107社会调查与实践报告2017092.doc','社会调查与实践','报告'),
('49','2015级软件工程胡应学20150107030117社会调查与实践报告2017092.doc','20150107030117','1504587164','已删除','./Uploads/数据库作业/2015级软件工程胡应学20150107030117社会调查与实践报告2017092.doc','社会调查与实践','报告'),
('50','2015级软件工程朱浩20150107030101社会调查与实践报告2017092.doc','20150107030101','1504587258','已删除','./Uploads/数据库作业/2015级软件工程朱浩20150107030101社会调查与实践报告2017092.doc','社会调查与实践','报告'),
('51','2015级软件工程杨生娥20150107030148社会调查与实践报告2017092.doc','20150107030148','1504588376','已删除','./Uploads/数据库作业/2015级软件工程杨生娥20150107030148社会调查与实践报告2017092.doc','社会调查与实践','报告'),
('52','2015级软件工程金马20150107030103社会调查与实践报告2017092.doc','20150107030103','1504589253','已删除','./Uploads/数据库作业/2015级软件工程金马20150107030103社会调查与实践报告2017092.doc','社会调查与实践','报告'),
('53','2015级软件工程15软工 20150107030102社会调查与实践报告2017092.doc','20150107030102','1504589369','已删除','./Uploads/数据库作业/2015级软件工程15软工 20150107030102社会调查与实践报告2017092.doc','社会调查与实践','报告'),
('54','2015级软件工程曾祥武20150107030111社会调查与实践报告2017092.doc','20150107030111','1504594101','已删除','./Uploads/数据库作业/2015级软件工程曾祥武20150107030111社会调查与实践报告2017092.doc','社会调查与实践','报告'),
('55','2015级软件工程龙永侦20150107030122社会调查与实践报告2017092.doc','20150107030122','1504596225','已删除','./Uploads/数据库作业/2015级软件工程龙永侦20150107030122社会调查与实践报告2017092.doc','社会调查与实践','报告'),
('56','2015级软件工程张宇帆20150107030139社会调查与实践报告2017092.doc','20150107030139','1504597528','已删除','./Uploads/数据库作业/2015级软件工程张宇帆20150107030139社会调查与实践报告2017092.doc','社会调查与实践','报告'),
('57','2015级软件工程陈隐农20150107030141社会调查与实践报告2017092.doc','20150107030141','1504602218','已删除','./Uploads/数据库作业/2015级软件工程陈隐农20150107030141社会调查与实践报告2017092.doc','社会调查与实践','报告'),
('58','2015级软件工程姚召波20150107030118社会调查与实践报告2017092.doc','20150107030118','1504623117','已删除','./Uploads/数据库作业/2015级软件工程姚召波20150107030118社会调查与实践报告2017092.doc','社会调查与实践','报告'),
('59','2015级软件工程朱鹏成20150107030109社会调查与实践报告2017092.doc','20150107030109','1504943130','已删除','./Uploads/数据库作业/2015级软件工程朱鹏成20150107030109社会调查与实践报告2017092.doc','社会调查与实践','报告');
DROP TABLE IF EXISTS  `blog_upwork_console`;
CREATE TABLE `blog_upwork_console` (
  `con_id` tinyint(3) unsigned NOT NULL AUTO_INCREMENT,
  `con_switch` enum('off','on') DEFAULT 'off' COMMENT '是否开启功能:on 打开,off 关闭',
  `con_grade` varchar(32) DEFAULT NULL COMMENT '年级:如2015级',
  `con_major` varchar(32) DEFAULT NULL COMMENT '专业:如软件工程',
  `con_course` varchar(32) DEFAULT NULL COMMENT '课程名称:如数据库',
  `con_course_type` varchar(32) DEFAULT NULL COMMENT '作业类型:如实验报告/课时作业/平时作业/读书报告',
  `con_date` int(10) unsigned DEFAULT NULL COMMENT '作业规定提交日期',
  `con_save_path` varchar(45) DEFAULT NULL COMMENT '文件保存路径',
  `con_request` varchar(122) DEFAULT '' COMMENT '作业要求',
  `con_save_root` varchar(32) DEFAULT '/',
  PRIMARY KEY (`con_id`)
) ENGINE=InnoDB AUTO_INCREMENT=2 DEFAULT CHARSET=utf8 COMMENT='作业控制台表';

insert into `blog_upwork_console`(`con_id`,`con_switch`,`con_grade`,`con_major`,`con_course`,`con_course_type`,`con_date`,`con_save_path`,`con_request`,`con_save_root`) values
('1','off','2015级','软件工程','社会调查与实践','报告','1504963278','./数据库作业/','请注意自己的学号姓名是否正确,否则交的作业不知道是谁的,意味着提交失败','./Uploads/');
DROP TABLE IF EXISTS  `blog_user`;
CREATE TABLE `blog_user` (
  `user_id` mediumint(8) unsigned NOT NULL AUTO_INCREMENT COMMENT 'id',
  `user_email` varchar(32) NOT NULL COMMENT '邮箱',
  `user_stu_num` varchar(32) NOT NULL COMMENT '学号',
  `user_pwd` varchar(32) NOT NULL COMMENT '密码',
  `user_name` varchar(5) NOT NULL COMMENT '姓名',
  `user_is_active` enum('0','1') DEFAULT '0' COMMENT '激活标志:0-没有激活 1-激活',
  `user_add_date` int(10) unsigned NOT NULL COMMENT '用户添加时间',
  `user_is_vip` enum('0','1') DEFAULT '0' COMMENT '是否是vip:0-不是-不允许下载 1-是-允许下载',
  `user_check_code` varchar(32) DEFAULT '',
  `user_is_stu` enum('1','0') NOT NULL DEFAULT '1' COMMENT '是否是学生:1-是 0-不是',
  `user_download_count` mediumint(9) NOT NULL DEFAULT '0' COMMENT '作业下载次数统计',
  `user_login_times` mediumint(9) DEFAULT '0' COMMENT '登陆次数',
  `user_usertitle` enum('普通用户','vip','svip') DEFAULT '普通用户',
  PRIMARY KEY (`user_id`),
  UNIQUE KEY `user_email` (`user_email`),
  UNIQUE KEY `user_stu_num` (`user_stu_num`),
  KEY `user_pwd` (`user_pwd`)
) ENGINE=InnoDB AUTO_INCREMENT=62 DEFAULT CHARSET=utf8;

insert into `blog_user`(`user_id`,`user_email`,`user_stu_num`,`user_pwd`,`user_name`,`user_is_active`,`user_add_date`,`user_is_vip`,`user_check_code`,`user_is_stu`,`user_download_count`,`user_login_times`,`user_usertitle`) values
('1','1228746736@qq.com','20150107030131','1','孙武','1','1423432','1','','1','86','28','svip'),
('2','1501531727@qq.com','20150107030127','523221tc','陈涛','1','1504338392','1','','1','1','3','普通用户'),
('11','765463335@qq.com','20150107030140','project9684','王鼎燊','1','1504338898','0','','1','0','3','普通用户'),
('13','983893304@qq.com','20150107030130','19970224zy','詹源','1','1504343126','1','','1','10','2','普通用户'),
('14','1371359656@qq.com','20150107030132','wangfan960701','王凡','1','1504343213','0','','1','0','3','普通用户'),
('15','947709230@qq.com','20150107030125','1','胡洋洋','1','1504344058','0','','1','0','2','普通用户'),
('16','2623368784@qq.com','20150107030124','520520','莫兰恒','1','1504345755','0','','1','0','1','普通用户'),
('17','2232084338@qq.com','20150107030145','qw957966','吴强','1','1504347335','0','','1','0','1','普通用户'),
('18','1915462592@qq.com','20150107030128','1234','吴军荣 ','1','1504348466','0','','1','0','2','普通用户'),
('19','1143823143@qq.com','20150107030119','wqr7599','吴启冉','1','1504353208','0','','1','0','1','普通用户'),
('20','1950223119@qq.com','20150107030114','52212liliyan','李丽艳','1','1504353212','0','','1','0','4','普通用户'),
('21','1548952051@qq.com','20150107030138','123456','臧庆照','1','1504353280','0','','1','0','1','普通用户'),
('22','1007408485@qq.com','20150107030112','1007408485','李波','1','1504353760','0','','1','0','2','普通用户'),
('26','306796986@qq.com','20150107030121','fsh5852','封姝鸿','1','1504356529','0','','1','0','1','普通用户'),
('27','1973829090@qq.com','20150107030108','20150107030108','孔莉','1','1504356853','0','','1','0','2','普通用户'),
('28','1548418254@qq.com','20150107030113','ww19971221','李旺','1','1504356952','0','','1','0','1','普通用户'),
('29','1786433996@qq.com','20150107030106','377377','申婷婷','1','1504357488','0','','1','0','1','普通用户'),
('30','1292235925@qq.com','20150107030120','19970624','谢佳华','1','1504357845','0','','1','0','3','普通用户'),
('31','2252376889@qq.com','20150107030104','030104','韩光敏','1','1504360589','0','','1','0','4','普通用户'),
('32','2550833821@qq.com','20150107030126','xyn1997','徐娅楠','1','1504361478','0','','1','0','1','普通用户'),
('33','1579011718@qq.com','20150107030123','yh147258','尹涵','1','1504368821','0','','1','0','1','普通用户'),
('34','1130411354@qq.com','20150107030117','2015','胡应学','1','1504416331','0','','1','0','2','普通用户'),
('35','872456307@qq.com','20150107030101','233666','朱浩','1','1504416459','0','','1','0','3','普通用户'),
('36','1432531458@qq.com','20150107030137','717830','郑梦月','1','1504417899','0','','1','0','1','普通用户'),
('37','1833745943@qq.com','20150107030143','030143','李秋美','1','1504418266','0','','1','0','2','普通用户'),
('38','1824430535@qq.com','20150107030129','123456','胡佳乐','1','1504418350','0','','1','0','4','普通用户'),
('39','1498090056@qq.com','20150107030141','20150107030141','陈隐农','1','1504429113','0','','1','0','4','普通用户'),
('40','2119292442@qq.com','20150107030149','yh123456789','杨豪','1','1504433677','0','','1','0','3','普通用户'),
('41','731131263@qq.com','20150107030134','123456','陈岚','1','1504435776','0','','1','0','3','普通用户'),
('42','834604823@qq.com','20150107030105','123456','刘港','1','1504436210','0','','1','0','2','普通用户'),
('43','845950829@qq.com','20150107030144','19960112','张大发','1','1504439545','0','','1','0','4','普通用户'),
('44','3295931664@qq.com','20150107030142','qwer144806','朱仕全','0','1504441836','0','31ff6fa5de0940de2287ef15be5e265c','1','0','1','普通用户'),
('45','1379800481@qq.com','20150107030135','123456','张德志','1','1504451124','0','','1','0','2','普通用户'),
('46','1211603752@qq.com','20150107030110','123456','鲜飞','1','1504452212','0','','1','0','1','普通用户'),
('47','2743670923@qq.com','20150107030107','cyq123','陈友强','1','1504584526','0','','1','0','1','普通用户'),
('48','1095201927@qq.com','20150107030115','030115','陈鸿','1','1504584871','0','','1','0','2','普通用户'),
('49','1154854687@qq.com','20150107030136','1154854687','刘思乾','1','1504585128','0','','1','0','1','普通用户'),
('50','1065051770@qq.com','20150107030147','yzl19961130','杨宗流','1','1504585428','0','','1','0','1','普通用户'),
('51','1315618922@qq.com','20150107030150','19970130','潘兴宏','1','1504586017','0','','1','0','1','普通用户'),
('52','1824262998@qq.com','20150107030148','yanghui960821','杨生娥','1','1504588236','0','','1','0','1','普通用户'),
('53','2383915379@qq.com','20150107030102','2383915379ljq','15软工 ','1','1504589159','0','','1','0','1','普通用户'),
('54','1015640829@qq.com','20150107030103','111111','金马','1','1504589191','0','','1','0','1','普通用户'),
('55','1968605153@qq.com','20150107030111','zwbs159357..','曾祥武','1','1504593866','0','','1','0','1','普通用户'),
('58','1183220306@qq.com','20150107030139','123456789','张宇帆','1','1504594272','0','','1','0','1','普通用户'),
('59','max.snow@qq.com','20150107030122','long112369','龙永侦','1','1504596096','0','','1','0','1','普通用户'),
('60','542453585@qq.com','20150107030118','20150107030118','姚召波','1','1504622840','0','','1','0','2','普通用户'),
('61','1094289238@qq.com','20150107030109','19980621zpc','朱鹏成','0','1504942500','0','0afdedaca762438d7bd9f573115da930','1','0','2','普通用户');
SET FOREIGN_KEY_CHECKS = 1;

